Linhas(M),Colunas(N),Processos(P),Tempo(s)
1000,1000,2,0.006713
1000,1000,4,0.006134
1000,1000,8,0.002652
2000,2000,2,0.024679
2000,2000,4,0.024429
2000,2000,8,0.026069
4000,4000,2,0.102049
4000,4000,4,0.096437
4000,4000,8,0.092085
6000,6000,2,0.221315
6000,6000,4,0.218902
6000,6000,8,0.210088
8000,8000,2,0.459333
8000,8000,4,0.429323
8000,8000,8,0.389038
10000,10000,2,0.696918
10000,10000,4,0.910461
10000,10000,8,1.049443
